keyword,worksheet_url,note
入口,https://drive.google.com/file/d/1q3cBdrwpI1zuCZduQRO9qnr0Vq_fkzmE/view,D01 洞不是缺陷而是入口 — 書寫練習｜01_看見自己的洞_書寫練習.pdf
看見,https://drive.google.com/file/d/1q3cBdrwpI1zuCZduQRO9qnr0Vq_fkzmE/view,D01 全天Threads — 書寫題｜01_看見自己的洞_書寫練習.pdf
角色,https://drive.google.com/file/d/1tFDSuqzhnQwjuzTxKsmg3CqbvGu7MYru/view,D02 妳不是情緒 — 情緒覺察練習｜02_我正在演誰_角色覺察題.pdf
登出,https://drive.google.com/file/d/18xpSuNDxKHsTMxKlAjGDBuKEu8YGneNj/view,D03 反對派也要有位置 — 清醒練習｜06_覺醒避坑清單.pdf
我正在演誰,https://drive.google.com/file/d/18fKXXE_71cP4KxtXXlaJnAVcKaQO8z2g/view,D04 關係裡的交換 — 依附覺察練習｜04_關係角色覺察練習.pdf
回家,https://drive.google.com/file/d/12GCkipl5ls5d4K3TDCo78PwO8fdAjefG/view,D05 回家不是離開世界 — 內在探索練習｜05_把自己帶回來_每日練習.pdf
金錢劇本,https://drive.google.com/file/d/1QiVLVQDph9jMDcewPMUTvsRkt6bfkte_/view,D06 金錢與價值 — 金錢信念覺察練習｜03_金錢劇本_書寫題.pdf
順木而生,https://drive.google.com/file/d/1y1iDqg6FW8qKUu0Kz0sKxboB8kdwcDgj/view,D07 順命而醒 — 紋路練習｜07_看懂自己的材料_順木而生.pdf
懂事,https://drive.google.com/file/d/1t88JftEzM37VHzXNROnOYmsZE82G5bGF/view,D09 懂事是求生策略 — 覺察練習｜13_懂事者回家練習.pdf
放下,https://drive.google.com/file/d/18xpSuNDxKHsTMxKlAjGDBuKEu8YGneNj/view,D10 放下不是假裝沒事 — 分辨故事與地雷｜06_覺醒避坑清單.pdf
慢,https://drive.google.com/file/d/12GCkipl5ls5d4K3TDCo78PwO8fdAjefG/view,D12 妳可以慢但不要消失 — 速度覺察｜05_把自己帶回來_每日練習.pdf
刀痕,https://drive.google.com/file/d/1q3cBdrwpI1zuCZduQRO9qnr0Vq_fkzmE/view,D13 刀痕不是失敗 — 和解練習｜01_看見自己的洞_書寫練習.pdf
焦慮,https://你的網域/練習/焦慮,D15 焦慮是失控感｜⚠️ 對照表無對應 PDF 待補
家族劇本,https://drive.google.com/file/d/18fKXXE_71cP4KxtXXlaJnAVcKaQO8z2g/view,D16 家人觸發舊劇本｜04_關係角色覺察練習.pdf
保護,https://drive.google.com/file/d/1t88JftEzM37VHzXNROnOYmsZE82G5bGF/view,D22 冷漠是保護太久｜13_懂事者回家練習.pdf
被照顧,https://drive.google.com/file/d/1t88JftEzM37VHzXNROnOYmsZE82G5bGF/view,D23 付出太多的人｜13_懂事者回家練習.pdf
課題,https://你的網域/練習/課題,範例（阿德勒）課題分離練習｜⚠️ 對照表無對應 PDF 待補
需要,https://你的網域/練習/需要,範例（NVC）把指責翻成需要｜⚠️ 對照表無對應 PDF 待補
檢查,https://drive.google.com/file/d/18xpSuNDxKHsTMxKlAjGDBuKEu8YGneNj/view,D18 靈性優越感 — 自我檢查清單｜06_覺醒避坑清單.pdf
我不只是,https://drive.google.com/file/d/12GCkipl5ls5d4K3TDCo78PwO8fdAjefG/view,D19 把自己從角色帶回來｜05_把自己帶回來_每日練習.pdf
木紋,https://drive.google.com/file/d/1y1iDqg6FW8qKUu0Kz0sKxboB8kdwcDgj/view,D20 找到適合自己的節奏｜07_看懂自己的材料_順木而生.pdf
停止自責,https://drive.google.com/file/d/18xpSuNDxKHsTMxKlAjGDBuKEu8YGneNj/view,D25 別把吸引力法則用成自責工具｜06_覺醒避坑清單.pdf
安靜,https://drive.google.com/file/d/12GCkipl5ls5d4K3TDCo78PwO8fdAjefG/view,D26 妳真正想要的生活可能很安靜｜05_把自己帶回來_每日練習.pdf
裂縫,https://drive.google.com/file/d/1q3cBdrwpI1zuCZduQRO9qnr0Vq_fkzmE/view,D27 裂縫不是作品的終點｜01_看見自己的洞_書寫練習.pdf
材料,https://drive.google.com/file/d/1y1iDqg6FW8qKUu0Kz0sKxboB8kdwcDgj/view,D07 順命而醒 — 紋路練習（Reels 木頭篇導流；與「順木而生」同一份練習）｜07_看懂自己的材料_順木而生.pdf
